Period,Total_principalDue,Total_interestDue,Total_monthlyPayment,Recoveries,Total_balance
1,309375.9509001484,392215.54907545535,701591.4999756053,7914.746801874999,27979671.686362527
2,313181.81007933296,387383.43318428233,700565.243263618,8037.10244825,27628924.39576202
3,317328.2715367023,382803.6596768752,700131.9312135796,0,27311596.124225255
4,321322.4859446924,377935.96157332975,699258.4475180238,6624.4383542363885,26939037.629337855
5,325578.03978919407,373325.7089219796,698903.748711176,6774.425309097303,26599686.679514475
6,329920.82101818005,368689.56437150476,698610.3853896864,6995.821612081795,26253808.402795892
7,334282.32821791945,363909.09399921284,698191.4222171338,10332.491217228677,25896508.63003475
8,338380.79577535647,358767.3432295323,697148.1390048908,0,25542748.845642913
9,343046.56753978605,354101.5714651028,697148.1390048908,0,25199702.278103136
10,347777.5103853171,349370.62861957325,697148.1390048908,6153.7284683836115,24837284.193764187
11,352103.08944441035,344122.1310853791,696225.2205297915,8954.714833994636,24448778.72793236
12,356247.89099104103,338639.10706060386,694886.9980516473,0,24064040.05771512
13,360662.81812076323,333119.7791925695,693782.5973133334,10317.438923984497,23637810.691406142
14,364856.2866499685,327343.8831368511,692200.1697868218,12212.449975808788,23214397.64381124
15,368544.3760544418,321260.4813361354,689804.8573905787,0,22789545.06302966
16,373328.32049034606,315943.8239532276,689272.1444435752,8248.45186557141,22382043.33402133
17,378101.46288795106,310551.34099852596,688652.8038864783,16884.242070550972,21964470.67211724
18,382350.4730745233,304486.13538592,686836.6084604445,7167.54503486216,21542041.154800788
19,387372.23329158773,298950.6859260132,686322.9192176028,0,21154668.921509188
20,392492.5919691518,293409.0839169723,685901.6758861252,31980.108922364056,20673791.003896188
21,396467.11741426267,286631.9202165306,683099.0376307946,12705.118692212474,20228460.41635321
22,400063.21800321137,279756.590843917,679819.8088471296,13765.801618029256,19730222.836090762
23,404553.43388526933,273495.2407633088,678048.6746485792,5907.217759385557,19288901.160715986
24,409377.75162796746,267443.862236497,676821.6138644652,19950.629019883647,18812406.16930914
25,413185.1013205771,260545.90596790178,673731.0072884808,3732.5360085170378,18341694.518238075
26,418078.7151724668,254351.49886727313,672430.214039741,16101.678155916321,17863453.5051054
27,422072.2787528759,247406.62196637006,669478.9007192472,5678.22630193233,17379195.183938242
28,427145.29611729184,241088.94895317094,668234.2450704647,3128.3592195021374,16922316.526274845
29,431959.9553213566,234555.71213494157,666515.6674563006,14698.587452452171,16412567.498594059
30,436868.4534492729,227899.3731696359,664767.8266189109,4750.1886075137945,15953724.033803802
31,442344.77791890607,221455.00505623568,663799.7829751429,0,15494321.400517585
32,447736.1027612304,214990.64387166096,662726.746632893,2030.2201599763355,15016910.869963503
33,452900.8843046058,208417.89091497965,661318.7752195876,15072.581472156335,14510181.336354941
34,458137.87410748994,201662.19660061886,659800.0707081108,3887.922736367595,14044062.41490422
35,463951.67691129027,195069.73256924108,659021.4094805337,0,13570562.421809476
36,469830.7679528638,188339.1950232351,658169.9629760999,0,13079400.172156172
37,475914.53495798644,181714.02901598153,657628.5639739694,4131.94811807544,12585434.880524231
38,480559.530923221,174375.7860371525,654935.3169603753,3570.332793546117,12056934.356139913
39,486099.73226366664,167198.70370061882,653298.4359642882,4805.639770231489,11534988.114930784
40,492164.73036789085,160216.85448884644,652381.5848567386,6921.78447224187,11024765.183471963
41,497330.0491196256,152774.82291034976,650104.8720299772,10236.775962482081,10472567.927373506
42,502850.9829312422,145375.0475793637,648226.0305106075,3686.4730295591426,9947126.947448412
43,507866.2379249255,137952.98581294875,645819.2237378765,6969.4259829412495,9405889.59189032
44,513795.5063393601,130694.04797846383,644489.5543178255,0,8888850.579471039
45,520147.1623809511,123443.7482332725,643590.9106142248,3518.2431946026004,8352026.777620255
46,526628.3367965346,116015.37726225899,642643.7140587962,2714.5449475953565,7814344.7876405055
47,532712.7109128243,108448.06806870979,641160.7789815364,5338.503126157219,7262303.607673199
48,539839.3740349006,101042.02006894445,640881.3941038472,7029.175626507403,6721644.130174572
49,546520.6760145616,93390.5080079746,639911.1840225375,10518.073403704635,6143864.978944622
50,553156.9862431686,85530.8415903416,638687.827833512,3166.714853097718,5590707.992701443
51,513958.9880652963,77795.98176403438,591754.9698293309,5338.034750728459,5068425.8847835045
52,506088.92805987876,70540.35800639579,576629.2860662746,1033.5711731620736,4558234.553843644
53,489552.0303149992,63499.5172884574,553051.5476034568,1731.256336231482,4065287.966627864
54,471344.58929823013,56580.64109350991,527925.2303917398,0,3589356.5871658963
55,443288.3080338283,49843.274869684865,493131.5829035139,0,3134379.6693812176
56,420692.45499029086,43617.53868835488,464309.9936786456,2692.4917582553785,2705855.4573981934
57,393606.791475827,37654.7728310698,431261.56430689694,13772.025313383092,2292052.7025055164
58,357254.5811156683,31938.603861389518,389193.18497705815,3086.7881835742237,1928740.3747972236
59,323644.170136713,26917.077605117174,350561.2477418294,3148.216709347008,1601085.8540568755
60,292446.5513229933,22364.886962813107,314811.4382858062,6828.184309085177,1307621.7299817242
61,249091.80659609663,18281.779156254408,267373.5857523508,24410.045652701505,1048688.8093408863
62,207828.59256711302,14676.062045940038,222504.65461305305,8923.257005420171,840041.2368201418
63,173141.24039496548,11743.378195937781,184884.61859090324,18660.075112982777,664060.1848682031
64,149854.1186597636,9249.252092867697,159103.37075263166,19096.751904499444,501600.409035543
65,120761.24285428507,7018.930103998802,127780.17295828392,10347.258029402496,378176.60942337406
66,101451.68403416459,5287.632538034992,106739.31657219959,16935.608861594672,274858.92612630746
67,82614.85272930577,3846.8462465934144,86461.69897589917,11263.574600379921,190848.2055169851
68,68401.30776802402,2686.2314001944164,71087.5391682185,6678.7859882811445,121583.48180957261
69,48535.2972669534,1685.7032550165181,50221.00052196994,12388.903866778528,70457.38975049721
70,42314.87239583408,997.3271588346365,43312.19955466874,10815.449688793804,28142.5173546631
71,26841.154118602844,379.41395662950885,27220.568075232368,13501.433103189262,1.4915713109076023e-10
72,0,0,0,16937.753074855245,0
